kombinasi_warna,style_desain,makna_warna,sifat,usia_pengguna,warna_dasar
Putih & Hitam,"American Classic, Alam, Tradisional, Industrial, Minimalis","Kekuatan, Suci","Panas, Dingin","D, L, R","Putih, Hitam"
Putih & Kuning,"American Classic, Alam, Tradisional, Industrial, Minimalis","Keceriaan, Suci","Panas, Dingin","D, L, A, R","Putih, Kuning"
Putih & Merah,"American Classic, Alam, Tradisional, Industrial, Minimalis","Suci, Keberanian","Panas, Dingin","D, L, A, R","Merah, Putih"
Putih & Ungu,"American Classic, Alam, Modern, Tradisional, Industrial, Minimalis","Keagungan, Suci",Dingin,"D, L, A, R","Merah, Putih, Biru"
Putih & Hijau,"American Classic, Alam, Tradisional, Industrial, Minimalis","Suci, Santai",Dingin,"D, L, A, R","Putih, Kuning, Biru"
Putih & Biru,"American Classic, Alam, Tradisional, Industrial, Minimalis","Ketenangan, Suci",Dingin,"D, L, A, R","Putih, Biru"
Putih & Oren,"American Classic, Alam, Tradisional, Industrial, Minimalis","Keceriaan, Suci","Panas, Dingin","D, L, A, R","Merah, Putih, Kuning"
Putih & Coklat,"American Classic, Alam, Tradisional, Industrial, Minimalis","Kenyamanan, Suci","Hangat, Dingin","L, R","Merah, Putih, Kuning, Biru"
Putih & Abu-abu,"American Classic, Alam, Tradisional, Industrial, Minimalis","Kerendahan hati, Suci",Dingin,"D, L, R","Putih, Hitam"
Putih & Merah muda,"American Classic, Alam, Modern, Tradisional, Industrial, Minimalis","Kewanitaan, Suci","Panas, Dingin","D, L, A, R","Merah, Putih"
Putih & Merah tua,"American Classic, Alam, Modern, Tradisional, Industrial, Minimalis","Suci, Keberanian","Panas, Dingin","L, R","Merah, Putih, Hitam"
Putih & Biru tua,"American Classic, Alam, Tradisional, Industrial, Minimalis","Ketenangan, Suci",Dingin,"D, L, A, R","Putih, Biru, Hitam"
Putih & Abu-abu tua,"American Classic, Alam, Tradisional, Industrial, Minimalis","Kerendahan hati, Suci","Panas, Dingin","D, L, R","Putih, Hitam"
Putih & Hijau tua,"American Classic, Alam, Tradisional, Industrial, Minimalis","Suci, Santai",Dingin,"L, R","Putih, Hijau, Hitam"
Putih & Coklat tua,"American Classic, Alam, Tradisional, Industrial, Minimalis","Kejantanan, Suci","Hangat, Dingin","L, R","Merah, Putih, Kuning, Biru"
Putih & Coklat muda,"American Classic, Alam, Tradisional, Industrial, Minimalis","Kejantanan, Suci","Hangat, Dingin","L, R","Merah, Putih, Kuning, Biru"
Putih & Biru muda,"American Classic, Alam, Tradisional, Industrial, Minimalis","Kewanitaan, Suci",Dingin,"D, L, A, R","Putih, Biru"
Putih & Abu-abu muda,"American Classic, Alam, Tradisional, Industrial, Minimalis","Kerendahan hati, Suci",Dingin,"D, L, R","Putih, Hitam"
Putih & Hijau muda,"American Classic, Alam, Tradisional, Industrial, Minimalis","Kewanitaan, Suci","Hangat, Dingin","D, L, A, R","Putih, Kuning, Biru"
Putih & Magenta,"American Classic, Alam, Modern, Tradisional, Industrial, Minimalis","Kewanitaan, Suci",Dingin,"D, L, A, R","Merah, Putih, Biru"
Putih & Emas,"American Classic, Alam, Tradisional, Industrial, Minimalis","Keagungan, Suci","Panas, Dingin","D, L, A, R","Merah, Putih, Kuning, Biru"
Putih & Biru navy,"American Classic, Alam, Tradisional, Industrial, Minimalis","Ketenangan, Suci",Dingin,"D, L, A, R","Putih, Biru, Hitam"
Putih & Merah maroon,"American Classic, Alam, Tradisional, Industrial, Minimalis","Keceriaan, Suci","Panas, Dingin","D, L, R","Merah, Putih, Kuning, Biru"
Putih & Peach,"American Classic, Alam, Modern, Tradisional, Industrial, Minimalis","Kewanitaan, Suci","Hangat, Dingin","D, L, R","Merah, Putih, Kuning"
Putih & Silver,"American Classic, Alam, Tradisional, Industrial, Minimalis","Ketenangan, Suci",Dingin,"D, L, R","Putih, Hitam"
Putih & Coral,"American Classic, Alam, Tradisional, Industrial, Minimalis","Kewanitaan, Suci","Panas, Dingin","D, L, A, R","Merah, Putih, Kuning"
Putih & Biru air,"American Classic, Alam, Tradisional, Industrial, Minimalis","Ketenangan, Suci",Dingin,"D, L, A, R","Putih, Biru"
Putih & Krem,"American Classic, Alam, Tradisional, Industrial, Minimalis","Kehangatan, Suci","Hangat, Dingin","D, L, R","Merah, Putih, Kuning, Biru"
Putih & Hijau lumut,"American Classic, Alam, Tradisional, Industrial, Minimalis","Kejantanan, Suci",Dingin,"L, R","Putih, Kuning, Biru"
Hitam & Kuning,"Industrial, American Classic","Keceriaan, Kekuatan",Panas,"D, A, R","Kuning, Hitam"
Hitam & Merah,"Industrial, American Classic","Kekuatan, Keberanian",Panas,"D, A, R","Merah, Hitam"
Hitam & Ungu,"Modern, Industrial","Keagungan, Kekuatan","Panas, Dingin","D, A, R","Merah, Biru, Hitam"
Hitam & Hijau,"Alam, Industrial","Kekuatan, Santai","Panas, Dingin","D, L, A, R","Kuning, Biru, Hitam"
Hitam & Biru,"Alam, Industrial","Ketenangan, Kekuatan","Panas, Dingin","D, L, A, R","Biru, Hitam"
Hitam & Oren,"Industrial, American Classic","Keceriaan, Kekuatan",Panas,"D, L, A, R","Merah, Kuning, Hitam"
Hitam & Coklat,"Alam, Industrial, Tradisional","Kenyamanan, Kekuatan","Panas, Hangat","D, L, R","Merah, Kuning, Biru, Hitam"
Hitam & Abu-abu,Industrial,"Kerendahan hati, Kekuatan","Panas, Dingin","D, L, R","Putih, Hitam"
Hitam & Merah muda,"Modern, Industrial","Kewanitaan, Kekuatan",Panas,"D, A, R","Merah, Putih, Hitam"
Hitam & Merah tua,"Modern, Industrial","Kekuatan, Keberanian",Panas,"D, L, R","Merah, Hitam"
Hitam & Biru tua,"Alam, Industrial","Ketenangan, Kekuatan","Panas, Dingin","D, L, A, R","Biru, Hitam"
Hitam & Abu-abu tua,Industrial,"Kerendahan hati, Kekuatan",Panas,"D, L, R","Putih, Hitam"
Hitam & Hijau tua,"Alam, Industrial","Kekuatan, Santai","Panas, Dingin","D, L, R","Hijau, Hitam"
Hitam & Coklat tua,"Alam, Industrial, Tradisional","Kejantanan, Kekuatan","Panas, Hangat","D, L, R","Merah, Kuning, Biru, Hitam"
Hitam & Coklat muda,"Tradisional, Alam, Industrial, American Classic","Kejantanan, Kekuatan","Panas, Hangat","D, L, R","Merah, Kuning, Biru, Hitam"
Hitam & Biru muda,"Alam, Industrial, American Classic","Kewanitaan, Kekuatan","Panas, Dingin","D, L, A, R","Putih, Biru, Hitam"
Hitam & Abu-abu muda,Industrial,"Kerendahan hati, Kekuatan","Panas, Dingin","D, L, R","Putih, Hitam"
Hitam & Hijau muda,"Alam, Industrial, American Classic","Kewanitaan, Kekuatan","Panas, Hangat","D, L, A, R","Kuning, Biru, Hitam"
Hitam & Magenta,"Modern, Industrial, American Classic","Kewanitaan, Kekuatan","Panas, Dingin","D, L, A, R","Merah, Putih, Biru, Hitam"
Hitam & Emas,"Industrial, American Classic","Keagungan, Kekuatan",Panas,"D, L, A, R","Merah, Kuning, Biru, Hitam"
Hitam & Biru navy,"Alam, Industrial","Ketenangan, Kekuatan","Panas, Dingin","D, L, A, R","Biru, Hitam"
Hitam & Merah maroon,"Alam, Industrial, Tradisional","Keceriaan, Kekuatan",Panas,"D, L, R","Merah, Kuning, Biru, Hitam"
Hitam & Peach,"Modern, Industrial, American Classic","Kewanitaan, Kekuatan","Panas, Hangat","D, L, R","Merah, Putih, Kuning,  &"
Hitam & Silver,Industrial,"Ketenangan, Kekuatan","Panas, Dingin","D, L, R","Putih, Hitam"
Hitam & Coral,"Industrial, American Classic","Kewanitaan, Kekuatan",Panas,"D, L, A, R","Merah, Kuning, Hitam"
Hitam & Biru air,"Alam, Industrial, American Classic","Ketenangan, Kekuatan","Panas, Dingin","D, L, A, R","Putih, Biru, Hitam"
Hitam & Krem,"Industrial, American Classic","Kekuatan, Kehangatan","Panas, Hangat","D, L, R","Merah, Kuning, Biru, Hitam"
Hitam & Hijau lumut,"Alam, Industrial","Kejantanan, Kekuatan","Panas, Dingin","D, L, R","Putih, Kuning, Biru, Hitam"
Kuning & Merah,American Classic,"Keceriaan, Keberanian",Panas,"D, A, R","Merah, Kuning"
Kuning & Ungu,"Modern, American Classic","Keceriaan, Keagungan","Panas, Dingin","D, A, R","Merah, Kuning, Biru"
Kuning & Hijau,"Alam, American Classic","Keceriaan, Santai","Panas, Dingin","D, L, A, R","Kuning, Biru"
Kuning & Biru,"Alam, American Classic","Keceriaan, Ketenangan","Panas, Dingin","D, L, A, R","Kuning, Biru"
Kuning & Oren,American Classic,Keceriaan,Panas,"D, L, A, R","Merah, Kuning"
Kuning & Coklat,"Tradisional, Alam, American Classic","Keceriaan, Kenyamanan","Panas, Hangat","D, L, A, R","Merah, Kuning, Biru"
Kuning & Abu-abu,"Industrial, American Classic","Kerendahan hati, Keceriaan","Panas, Dingin","D, L, A, R","Putih, Kuning, Hitam"
Kuning & Merah muda,"Modern, American Classic","Keceriaan, Kewanitaan",Panas,"D, A, R","Merah, Putih, Kuning"
Kuning & Merah tua,"Modern, American Classic","Keceriaan, Keberanian",Panas,"D, L, A, R","Merah, Kuning, Hitam"
Kuning & Biru tua,"Alam, American Classic","Keceriaan, Ketenangan","Panas, Dingin","D, L, A, R","Kuning, Biru, Hitam"
Kuning & Abu-abu tua,"Industrial, American Classic","Kerendahan hati, Keceriaan",Panas,"D, L, A, R","Putih, Kuning, Hitam"
Kuning & Hijau tua,"Alam, American Classic","Keceriaan, Santai","Panas, Dingin","D, L, A, R","Kuning, Hijau, Hitam"
Kuning & Coklat tua,"Tradisional, Alam, American Classic","Keceriaan, Kejantanan","Panas, Hangat","D, L, A, R","Merah, Kuning, Biru"
Kuning & Coklat muda,"Tradisional, Alam, American Classic","Keceriaan, Kejantanan","Panas, Hangat","D, L, A, R","Merah, Kuning, Biru"
Kuning & Biru muda,"Alam, American Classic","Keceriaan, Kewanitaan","Panas, Dingin","D, L, A, R","Putih, Kuning, Biru"
Kuning & Abu-abu muda,"Industrial, American Classic","Kerendahan hati, Keceriaan","Panas, Dingin","D, L, A, R","Putih, Kuning, Hitam"
Kuning & Hijau muda,"Alam, American Classic","Keceriaan, Kewanitaan","Panas, Hangat","D, L, A, R","Kuning, Biru"
Kuning & Magenta,"Modern, American Classic","Keceriaan, Kewanitaan","Panas, Dingin","D, L, A, R","Merah, Putih, Kuning, Biru"
Kuning & Emas,American Classic,"Keceriaan, Keagungan",Panas,"D, L, A, R","Merah, Kuning, Biru"
Kuning & Biru navy,"Alam, American Classic","Keceriaan, Ketenangan","Panas, Dingin","D, L, A, R","Kuning, Biru, Hitam"
Kuning & Merah maroon,"Tradisional, Alam, American Classic",Keceriaan,Panas,"D, L, A, R","Merah, Kuning, Biru"
Kuning & Peach,"Modern, American Classic","Keceriaan, Kewanitaan","Panas, Hangat","D, L, A, R","Merah, Putih, Kuning"
Kuning & Silver,"Industrial, American Classic","Keceriaan, Ketenangan","Panas, Dingin","D, L, A, R","Putih, Kuning, Hitam"
Kuning & Coral,American Classic,"Keceriaan, Kewanitaan",Panas,"D, L, A, R","Merah, Kuning"
Kuning & Biru air,"Alam, American Classic","Keceriaan, Ketenangan","Panas, Dingin","D, L, A, R","Putih, Kuning, Biru"
Kuning & Krem,American Classic,"Keceriaan, Kehangatan","Panas, Hangat","D, L, A, R","Merah, Kuning, Biru"
Kuning & Hijau lumut,"Alam, American Classic","Keceriaan, Kejantanan","Panas, Dingin","D, L, A, R","Putih, Kuning, Biru"
Merah & Ungu,"Modern, American Classic","Keagungan, Keberanian","Panas, Dingin","D, A, R","Merah, Biru"
Merah & Hijau,"Alam, American Classic","Santai, Keberanian","Panas, Dingin","D, L, A, R","Merah, Kuning, Biru"
Merah & Biru,"Alam, American Classic","Ketenangan, Keberanian","Panas, Dingin","D, L, A, R","Merah, Biru"
Merah & Oren,American Classic,"Keceriaan, Keberanian",Panas,"D, L, A, R","Merah, Kuning"
Merah & Coklat,"Tradisional, Alam, American Classic","Kenyamanan, Keberanian","Panas, Hangat","D, L, A, R","Merah, Kuning, Biru"
Merah & Abu-abu,"Industrial, American Classic","Kerendahan hati, Keberanian","Panas, Dingin","D, L, A, R","Merah, Putih, Hitam"
Merah & Merah muda,"Modern, American Classic","Kewanitaan, Keberanian",Panas,"D, A, R","Merah, Putih"
Merah & Merah tua,"Modern, American Classic",Keberanian,Panas,"D, L, A, R","Merah, Hitam"
Merah & Biru tua,"Alam, American Classic","Ketenangan, Keberanian","Panas, Dingin","D, L, A, R","Merah, Biru, Hitam"
Merah & Abu-abu tua,"Industrial, American Classic","Kerendahan hati, Keberanian",Panas,"D, L, A, R","Merah, Putih, Hitam"
Merah & Hijau tua,"Alam, American Classic","Santai, Keberanian","Panas, Dingin","D, L, A, R","Merah, Hijau, Hitam"
Merah & Coklat tua,"Tradisional, Alam, American Classic","Kejantanan, Keberanian","Panas, Hangat","D, L, A, R","Merah, Kuning, Biru"
Merah & Coklat muda,"Tradisional, Alam, American Classic","Kejantanan, Keberanian","Panas, Hangat","D, L, A, R","Merah, Kuning, Biru"
Merah & Biru muda,"Alam, American Classic","Kewanitaan, Keberanian","Panas, Dingin","D, L, A, R","Merah, Putih, Biru"
Merah & Abu-abu muda,"Industrial, American Classic","Kerendahan hati, Keberanian","Panas, Dingin","D, L, A, R","Merah, Putih, Hitam"
Merah & Hijau muda,"Alam, American Classic","Kewanitaan, Keberanian","Panas, Hangat","D, L, A, R","Merah, Kuning, Biru"
Merah & Magenta,"Modern, American Classic","Kewanitaan, Keberanian","Panas, Dingin","D, L, A, R","Merah, Putih, Biru"
Merah & Emas,American Classic,"Keagungan, Keberanian",Panas,"D, L, A, R","Merah, Kuning, Biru"
Merah & Biru navy,"Alam, American Classic","Ketenangan, Keberanian","Panas, Dingin","D, L, A, R","Merah, Biru, Hitam"
Merah & Merah maroon,"Tradisional, Alam, American Classic","Keceriaan, Keberanian",Panas,"D, L, A, R","Merah, Kuning, Biru"
Merah & Peach,"Modern, American Classic","Kewanitaan, Keberanian","Panas, Hangat","D, L, A, R","Merah, Putih, Kuning"
Merah & Silver,"Industrial, American Classic","Ketenangan, Keberanian","Panas, Dingin","D, L, A, R","Merah, Putih, Hitam"
Merah & Coral,American Classic,"Kewanitaan, Keberanian",Panas,"D, L, A, R","Merah, Kuning"
Merah & Biru air,"Alam, American Classic","Ketenangan, Keberanian","Panas, Dingin","D, L, A, R","Merah, Putih, Biru"
Merah & Krem,American Classic,"Kehangatan, Keberanian","Panas, Hangat","D, L, A, R","Merah, Kuning, Biru"
Merah & Hijau lumut,"Alam, American Classic","Kejantanan, Keberanian","Panas, Dingin","D, L, A, R","Merah, Putih, Kuning, Biru"
Ungu & Hijau,"Modern, Alam","Keagungan, Santai",Dingin,"D, L, A, R","Merah, Kuning, Biru"
Ungu & Biru,"Modern, Alam","Keagungan, Ketenangan",Dingin,"D, L, A, R","Merah, Biru"
Ungu & Oren,"Modern, American Classic","Keagungan, Keceriaan","Panas, Dingin","D, L, A, R","Merah, Kuning, Biru"
Ungu & Coklat,"Modern, Alam, Tradisional","Keagungan, Kenyamanan","Hangat, Dingin","D, L, A, R","Merah, Kuning, Biru"
Ungu & Abu-abu,"Modern, Industrial","Kerendahan hati, Keagungan",Dingin,"D, L, A, R","Merah, Putih, Biru, Hitam"
Ungu & Merah muda,Modern,"Keagungan, Kewanitaan","Panas, Dingin","D, A, R","Merah, Putih, Biru"
Ungu & Merah tua,Modern,"Keagungan, Keberanian","Panas, Dingin","D, L, A, R","Merah, Biru, Hitam"
Ungu & Biru tua,"Modern, Alam","Keagungan, Ketenangan",Dingin,"D, L, A, R","Merah, Biru, Hitam"
Ungu & Abu-abu tua,"Modern, Industrial","Kerendahan hati, Keagungan","Panas, Dingin","D, L, A, R","Merah, Putih, Biru, Hitam"
Ungu & Hijau tua,"Modern, Alam","Keagungan, Santai",Dingin,"D, L, A, R","Merah, Hijau, Biru, Hitam"
Ungu & Coklat tua,"Modern, Alam, Tradisional","Keagungan, Kejantanan","Hangat, Dingin","D, L, A, R","Merah, Kuning, Biru"
Ungu & Coklat muda,"Modern, Alam, Tradisional, American Classic","Keagungan, Kejantanan","Hangat, Dingin","D, L, A, R","Merah, Kuning, Biru"
Ungu & Biru muda,"Modern, Alam, American Classic","Keagungan, Kewanitaan",Dingin,"D, L, A, R","Merah, Putih, Biru"
Ungu & Abu-abu muda,"Modern, Industrial","Kerendahan hati, Keagungan",Dingin,"D, L, A, R","Merah, Putih, Biru, Hitam"
Ungu & Hijau muda,"Modern, Alam, American Classic","Keagungan, Kewanitaan","Hangat, Dingin","D, L, A, R","Merah, Kuning, Biru"
Ungu & Magenta,"Modern, American Classic","Keagungan, Kewanitaan",Dingin,"D, L, A, R","Merah, Putih, Biru"
Ungu & Emas,"Modern, American Classic",Keagungan,"Panas, Dingin","D, L, A, R","Merah, Kuning, Biru"
Ungu & Biru navy,"Modern, Alam","Keagungan, Ketenangan",Dingin,"D, L, A, R","Merah, Biru, Hitam"
Ungu & Merah maroon,"Modern, Alam, Tradisional","Keagungan, Keceriaan","Panas, Dingin","D, L, A, R","Merah, Kuning, Biru"
Ungu & Peach,"Modern, American Classic","Keagungan, Kewanitaan","Hangat, Dingin","D, L, A, R","Merah, Putih, Kuning, Biru"
Ungu & Silver,"Modern, Industrial","Keagungan, Ketenangan",Dingin,"D, L, A, R","Merah, Putih, Biru, Hitam"
Ungu & Coral,"Modern, American Classic","Keagungan, Kewanitaan","Panas, Dingin","D, L, A, R","Merah, Kuning, Biru"
Ungu & Biru air,"Modern, Alam, American Classic","Keagungan, Ketenangan",Dingin,"D, L, A, R","Merah, Putih, Biru"
Ungu & Krem,"Modern, American Classic","Keagungan, Kehangatan","Hangat, Dingin","D, L, A, R","Merah, Kuning, Biru"
Ungu & Hijau lumut,"Modern, Alam","Keagungan, Kejantanan",Dingin,"D, L, A, R","Merah, Putih, Kuning, Biru"
Hijau & Biru,Alam,"Ketenangan, Santai",Dingin,"D, L, A, R","Kuning, Biru"
Hijau & Oren,"Alam, American Classic","Keceriaan, Santai","Panas, Dingin","D, L, A, R","Merah, Kuning, Biru"
Hijau & Coklat,"Alam, Tradisional","Kenyamanan, Santai","Hangat, Dingin","D, L, A, R","Merah, Kuning, Biru"
Hijau & Abu-abu,"Alam, Industrial","Kerendahan hati, Santai",Dingin,"D, L, A, R","Putih, Kuning, Biru, Hitam"
Hijau & Merah muda,"Alam, Modern","Kewanitaan, Santai","Panas, Dingin","D, L, A, R","Merah, Putih, Kuning, Biru"
Hijau & Merah tua,"Alam, Modern","Keberanian, Santai","Panas, Dingin","D, L, A, R","Merah, Kuning, Biru, Hitam"
Hijau & Biru tua,Alam,"Ketenangan, Santai",Dingin,"D, L, A, R","Kuning, Biru, Hitam"
Hijau & Abu-abu tua,"Alam, Industrial","Kerendahan hati, Santai","Panas, Dingin","D, L, A, R","Putih, Kuning, Biru, Hitam"
Hijau & Hijau tua,Alam,Santai,Dingin,"D, L, A, R","Hitam, Kuning, Biru, Hijau"
Hijau & Coklat tua,"Alam, Tradisional","Kejantanan, Santai","Hangat, Dingin","D, L, A, R","Merah, Kuning, Biru"
Hijau & Coklat muda,"Alam, Tradisional, American Classic","Kejantanan, Santai","Hangat, Dingin","D, L, A, R","Merah, Kuning, Biru"
Hijau & Biru muda,"Alam, American Classic","Kewanitaan, Santai",Dingin,"D, L, A, R","Putih, Kuning, Biru"
Hijau & Abu-abu muda,"Alam, Industrial","Kerendahan hati, Santai",Dingin,"D, L, A, R","Putih, Kuning, Biru, Hitam"
Hijau & Hijau muda,"Alam, American Classic","Kewanitaan, Santai","Hangat, Dingin","D, L, A, R","Kuning, Biru"
Hijau & Magenta,"Alam, Modern, American Classic","Kewanitaan, Santai",Dingin,"D, L, A, R","Merah, Putih, Kuning, Biru"
Hijau & Emas,"Alam, American Classic","Keagungan, Santai","Panas, Dingin","D, L, A, R","Merah, Kuning, Biru"
Hijau & Biru navy,Alam,"Ketenangan, Santai",Dingin,"D, L, A, R","Kuning, Biru, Hitam"
Hijau & Merah maroon,"Alam, Tradisional","Keceriaan, Santai","Panas, Dingin","D, L, A, R","Merah, Kuning, Biru"
Hijau & Peach,"Alam, Modern, American Classic","Kewanitaan, Santai","Hangat, Dingin","D, L, A, R","Merah, Putih, Kuning, Biru"
Hijau & Silver,"Alam, Industrial","Ketenangan, Santai",Dingin,"D, L, A, R","Putih, Kuning, Biru, Hitam"
Hijau & Coral,"Alam, American Classic","Kewanitaan, Santai","Panas, Dingin","D, L, A, R","Merah, Kuning, Biru"
Hijau & Biru air,"Alam, American Classic","Ketenangan, Santai",Dingin,"D, L, A, R","Putih, Kuning, Biru"
Hijau & Krem,"Alam, American Classic","Kehangatan, Santai","Hangat, Dingin","D, L, A, R","Merah, Kuning, Biru"
Hijau & Hijau lumut,Alam,"Kejantanan, Santai",Dingin,"D, L, A, R","Putih, Kuning, Biru"
Biru & Oren,"Alam, American Classic","Keceriaan, Ketenangan","Panas, Dingin","D, L, A, R","Merah, Kuning, Biru"
Biru & Coklat,"Alam, Tradisional","Kenyamanan, Ketenangan","Hangat, Dingin","D, L, A, R","Merah, Kuning, Biru"
Biru & Abu-abu,"Alam, Industrial","Kerendahan hati, Ketenangan",Dingin,"D, L, A, R","Putih, Biru, Hitam"
Biru & Merah muda,"Alam, Modern","Kewanitaan, Ketenangan","Panas, Dingin","D, L, A, R","Merah, Putih, Biru"
Biru & Merah tua,"Alam, Modern","Ketenangan, Keberanian","Panas, Dingin","D, L, A, R","Merah, Biru, Hitam"
Biru & Biru tua,Alam,Ketenangan,Dingin,"D, L, A, R","Biru, Hitam"
Biru & Abu-abu tua,"Alam, Industrial","Kerendahan hati, Ketenangan","Panas, Dingin","D, L, A, R","Putih, Biru, Hitam"
Biru & Hijau tua,Alam,"Ketenangan, Santai",Dingin,"D, L, A, R","Hijau, Biru, Hitam"
Biru & Coklat tua,"Alam, Tradisional","Kejantanan, Ketenangan","Hangat, Dingin","D, L, A, R","Merah, Kuning, Biru"
Biru & Coklat muda,"Alam, Tradisional, American Classic","Kejantanan, Ketenangan","Hangat, Dingin","D, L, A, R","Merah, Kuning, Biru"
Biru & Biru muda,"Alam, American Classic","Kewanitaan, Ketenangan",Dingin,"D, L, A, R","Putih, Biru"
Biru & Abu-abu muda,"Alam, Industrial","Kerendahan hati, Ketenangan",Dingin,"D, L, A, R","Putih, Biru, Hitam"
Biru & Hijau muda,"Alam, American Classic","Kewanitaan, Ketenangan","Hangat, Dingin","D, L, A, R","Kuning, Biru"
Biru & Magenta,"Alam, Modern, American Classic","Kewanitaan, Ketenangan",Dingin,"D, L, A, R","Merah, Putih, Biru"
Biru & Emas,"Alam, American Classic","Keagungan, Ketenangan","Panas, Dingin","D, L, A, R","Merah, Kuning, Biru"
Biru & Biru navy,Alam,Ketenangan,Dingin,"D, L, A, R","Biru, Hitam"
Biru & Merah maroon,"Alam, Tradisional","Keceriaan, Ketenangan","Panas, Dingin","D, L, A, R","Merah, Kuning, Biru"
Biru & Peach,"Alam, Modern, American Classic","Kewanitaan, Ketenangan","Hangat, Dingin","D, L, A, R","Merah, Putih, Kuning, Biru"
Biru & Silver,"Alam, Industrial",Ketenangan,Dingin,"D, L, A, R","Putih, Biru, Hitam"
Biru & Coral,"Alam, American Classic","Kewanitaan, Ketenangan","Panas, Dingin","D, L, A, R","Merah, Kuning, Biru"
Biru & Biru air,"Alam, American Classic",Ketenangan,Dingin,"D, L, A, R","Putih, Biru"
Biru & Krem,"Alam, American Classic","Ketenangan, Kehangatan","Hangat, Dingin","D, L, A, R","Merah, Kuning, Biru"
Biru & Hijau lumut,Alam,"Kejantanan, Ketenangan",Dingin,"D, L, A, R","Putih, Kuning, Biru"
Oren & Coklat,"Tradisional, Alam, American Classic","Keceriaan, Kenyamanan","Panas, Hangat","D, L, A, R","Merah, Kuning, Biru"
Oren & Abu-abu,"Industrial, American Classic","Kerendahan hati, Keceriaan","Panas, Dingin","D, L, A, R","Merah, Putih, Kuning, Hitam"
Oren & Merah muda,"Modern, American Classic","Keceriaan, Kewanitaan",Panas,"D, L, A, R","Merah, Putih, Kuning"
Oren & Merah tua,"Modern, American Classic","Keceriaan, Keberanian",Panas,"D, L, A, R","Merah, Kuning, Hitam"
Oren & Biru tua,"Alam, American Classic","Keceriaan, Ketenangan","Panas, Dingin","D, L, A, R","Merah, Kuning, Biru, Hitam"
Oren & Abu-abu tua,"Industrial, American Classic","Kerendahan hati, Keceriaan",Panas,"D, L, A, R","Merah, Putih, Kuning, Hitam"
Oren & Hijau tua,"Alam, American Classic","Keceriaan, Santai","Panas, Dingin","D, L, A, R","Merah, Kuning, Hijau, Hitam"
Oren & Coklat tua,"Tradisional, Alam, American Classic","Keceriaan, Kejantanan","Panas, Hangat","D, L, A, R","Merah, Kuning, Biru"
Oren & Coklat muda,"Tradisional, Alam, American Classic","Keceriaan, Kejantanan","Panas, Hangat","D, L, A, R","Merah, Kuning, Biru"
Oren & Biru muda,"Alam, American Classic","Keceriaan, Kewanitaan","Panas, Dingin","D, L, A, R","Merah, Putih, Kuning, Biru"
Oren & Abu-abu muda,"Industrial, American Classic","Kerendahan hati, Keceriaan","Panas, Dingin","D, L, A, R","Merah, Putih, Kuning, Hitam"
Oren & Hijau muda,"Alam, American Classic","Keceriaan, Kewanitaan","Panas, Hangat","D, L, A, R","Merah, Kuning, Biru"
Oren & Magenta,"Modern, American Classic","Keceriaan, Kewanitaan","Panas, Dingin","D, L, A, R","Merah, Putih, Kuning, Biru"
Oren & Emas,American Classic,"Keceriaan, Keagungan",Panas,"D, L, A, R","Merah, Kuning, Biru"
Oren & Biru navy,"Alam, American Classic","Keceriaan, Ketenangan","Panas, Dingin","D, L, A, R","Merah, Kuning, Biru, Hitam"
Oren & Merah maroon,"Tradisional, Alam, American Classic",Keceriaan,Panas,"D, L, A, R","Merah, Kuning, Biru"
Oren & Peach,"Modern, American Classic","Keceriaan, Kewanitaan","Panas, Hangat","D, L, A, R","Merah, Putih, Kuning"
Oren & Silver,"Industrial, American Classic","Keceriaan, Ketenangan","Panas, Dingin","D, L, A, R","Merah, Putih, Kuning, Hitam"
Oren & Coral,American Classic,"Keceriaan, Kewanitaan",Panas,"D, L, A, R","Merah, Kuning"
Oren & Biru air,"Alam, American Classic","Keceriaan, Ketenangan","Panas, Dingin","D, L, A, R","Merah, Putih, Kuning, Biru"
Oren & Krem,American Classic,"Keceriaan, Kehangatan","Panas, Hangat","D, L, A, R","Merah, Kuning, Biru"
Oren & Hijau lumut,"Alam, American Classic","Keceriaan, Kejantanan","Panas, Dingin","D, L, A, R","Merah, Putih, Kuning, Biru"
Coklat & Abu-abu,"Alam, Industrial, Tradisional","Kerendahan hati, Kenyamanan","Hangat, Dingin","D, L, R","Merah, Putih, Hitam, Kuning, Biru"
Coklat & Merah muda,"Alam, Modern, Tradisional","Kenyamanan, Kewanitaan","Panas, Hangat","D, L, A, R","Merah, Putih, Kuning, Biru"
Coklat & Merah tua,"Alam, Modern, Tradisional","Kenyamanan, Keberanian","Panas, Hangat","L, R","Merah, Kuning, Biru, Hitam"
Coklat & Biru tua,"Alam, Tradisional","Kenyamanan, Ketenangan","Hangat, Dingin","D, L, A, R","Merah, Kuning, Biru, Hitam"
Coklat & Abu-abu tua,"Alam, Industrial, Tradisional","Kerendahan hati, Kenyamanan","Panas, Hangat","D, L, R","Merah, Putih, Hitam, Kuning, Biru"
Coklat & Hijau tua,"Alam, Tradisional","Kenyamanan, Santai","Hangat, Dingin","L, R","Hijau, Merah, Hitam, Kuning, Biru"
Coklat & Coklat tua,"Alam, Tradisional","Kenyamanan, Kejantanan",Hangat,"L, R","Merah, Kuning, Biru"
Coklat & Coklat muda,"American Classic, Alam, Tradisional","Kenyamanan, Kejantanan",Hangat,"L, R","Merah, Kuning, Biru"
Coklat & Biru muda,"American Classic, Alam, Tradisional","Kenyamanan, Kewanitaan","Hangat, Dingin","D, L, A, R","Merah, Putih, Kuning, Biru"
Coklat & Abu-abu muda,"Alam, Industrial, Tradisional","Kerendahan hati, Kenyamanan","Hangat, Dingin","D, L, R","Merah, Putih, Hitam, Kuning, Biru"
Coklat & Hijau muda,"American Classic, Alam, Tradisional","Kenyamanan, Kewanitaan",Hangat,"D, L, A, R","Merah, Kuning, Biru"
Coklat & Magenta,"American Classic, Alam, Modern, Tradisional","Kenyamanan, Kewanitaan","Hangat, Dingin","D, L, A, R","Merah, Putih, Kuning, Biru"
Coklat & Emas,"American Classic, Alam, Tradisional","Kenyamanan, Keagungan","Panas, Hangat","D, L, A, R","Merah, Kuning, Biru"
Coklat & Biru navy,"Alam, Tradisional","Kenyamanan, Ketenangan","Hangat, Dingin","D, L, A, R","Merah, Kuning, Biru, Hitam"
Coklat & Merah maroon,"Alam, Tradisional","Kenyamanan, Keceriaan","Panas, Hangat","D, L, R","Merah, Kuning, Biru"
Coklat & Peach,"American Classic, Alam, Modern, Tradisional","Kenyamanan, Kewanitaan",Hangat,"D, L, R","Merah, Putih, Kuning, Biru"
Coklat & Silver,"Alam, Industrial, Tradisional","Kenyamanan, Ketenangan","Hangat, Dingin","D, L, R","Merah, Putih, Hitam, Kuning, Biru"
Coklat & Coral,"American Classic, Alam, Tradisional","Kenyamanan, Kewanitaan","Panas, Hangat","D, L, A, R","Merah, Kuning, Biru"
Coklat & Biru air,"American Classic, Alam, Tradisional","Kenyamanan, Ketenangan","Hangat, Dingin","D, L, A, R","Merah, Putih, Kuning, Biru"
Coklat & Krem,"American Classic, Alam, Tradisional","Kenyamanan, Kehangatan",Hangat,"D, L, R","Merah, Kuning, Biru"
Coklat & Hijau lumut,"Alam, Tradisional","Kenyamanan, Kejantanan","Hangat, Dingin","L, R","Merah, Putih, Kuning, Biru"
Abu-abu & Merah muda,"Modern, Industrial","Kerendahan hati, Kewanitaan","Panas, Dingin","D, L, A, R","Merah, Putih, Hitam"
Abu-abu & Merah tua,"Modern, Industrial","Kerendahan hati, Keberanian","Panas, Dingin","D, L, R","Merah, Putih, Hitam"
Abu-abu & Biru tua,"Alam, Industrial","Kerendahan hati, Ketenangan",Dingin,"D, L, A, R","Putih, Biru, Hitam"
Abu-abu & Abu-abu tua,Industrial,Kerendahan hati,"Panas, Dingin","D, L, R","Putih, Hitam"
Abu-abu & Hijau tua,"Alam, Industrial","Kerendahan hati, Santai",Dingin,"D, L, R","Putih, Hijau, Hitam"
Abu-abu & Coklat tua,"Alam, Industrial, Tradisional","Kerendahan hati, Kejantanan","Hangat, Dingin","D, L, R","Merah, Putih, Hitam, Kuning, Biru"
Abu-abu & Coklat muda,"Tradisional, Alam, Industrial, American Classic","Kerendahan hati, Kejantanan","Hangat, Dingin","D, L, R","Merah, Putih, Hitam, Kuning, Biru"
Abu-abu & Biru muda,"Alam, Industrial, American Classic","Kerendahan hati, Kewanitaan",Dingin,"D, L, A, R","Putih, Biru, Hitam"
Abu-abu & Abu-abu muda,Industrial,Kerendahan hati,Dingin,"D, L, R","Putih, Hitam"
Abu-abu & Hijau muda,"Alam, Industrial, American Classic","Kerendahan hati, Kewanitaan","Hangat, Dingin","D, L, A, R","Putih, Kuning, Biru, Hitam"
Abu-abu & Magenta,"Modern, Industrial, American Classic","Kerendahan hati, Kewanitaan",Dingin,"D, L, A, R","Merah, Putih, Biru, Hitam"
Abu-abu & Emas,"Industrial, American Classic","Kerendahan hati, Keagungan","Panas, Dingin","D, L, A, R","Merah, Putih, Hitam, Kuning, Biru"
Abu-abu & Biru navy,"Alam, Industrial","Kerendahan hati, Ketenangan",Dingin,"D, L, A, R","Putih, Biru, Hitam"
Abu-abu & Merah maroon,"Alam, Industrial, Tradisional","Kerendahan hati, Keceriaan","Panas, Dingin","D, L, R","Merah, Putih, Hitam, Kuning, Biru"
Abu-abu & Peach,"Modern, Industrial, American Classic","Kerendahan hati, Kewanitaan","Hangat, Dingin","D, L, R","Merah, Putih, Kuning, Hitam"
Abu-abu & Silver,Industrial,"Kerendahan hati, Ketenangan",Dingin,"D, L, R","Putih, Hitam"
Abu-abu & Coral,"Industrial, American Classic","Kerendahan hati, Kewanitaan","Panas, Dingin","D, L, A, R","Merah, Putih, Kuning, Hitam"
Abu-abu & Biru air,"Alam, Industrial, American Classic","Kerendahan hati, Ketenangan",Dingin,"D, L, A, R","Putih, Biru, Hitam"
Abu-abu & Krem,"Industrial, American Classic","Kerendahan hati, Kehangatan","Hangat, Dingin","D, L, R","Merah, Putih, Hitam, Kuning, Biru"
Abu-abu & Hijau lumut,"Alam, Industrial","Kerendahan hati, Kejantanan",Dingin,"D, L, R","Putih, Kuning, Biru, Hitam"
Merah muda & Merah tua,Modern,"Kewanitaan, Keberanian",Panas,"D, L, A, R","Merah, Putih, Hitam"
Merah muda & Biru tua,"Modern, Alam","Kewanitaan, Ketenangan","Panas, Dingin","D, L, A, R","Merah, Putih, Biru, Hitam"
Merah muda & Abu-abu tua,"Modern, Industrial","Kerendahan hati, Kewanitaan",Panas,"D, L, A, R","Merah, Putih, Hitam"
Merah muda & Hijau tua,"Modern, Alam","Kewanitaan, Santai","Panas, Dingin","D, L, A, R","Merah, Putih, Hijau, Hitam"
Merah muda & Coklat tua,"Modern, Alam, Tradisional","Kewanitaan, Kejantanan","Panas, Hangat","D, L, A, R","Merah, Putih, Kuning, Biru"
Merah muda & Coklat muda,"Modern, Alam, Tradisional, American Classic","Kewanitaan, Kejantanan","Panas, Hangat","D, L, A, R","Merah, Putih, Kuning, Biru"
Merah muda & Biru muda,"Modern, Alam, American Classic",Kewanitaan,"Panas, Dingin","D, L, A, R","Merah, Putih, Biru"
Merah muda & Abu-abu muda,"Modern, Industrial","Kerendahan hati, Kewanitaan","Panas, Dingin","D, L, A, R","Merah, Putih, Hitam"
Merah muda & Hijau muda,"Modern, Alam, American Classic",Kewanitaan,"Panas, Hangat","D, L, A, R","Merah, Putih, Kuning, Biru"
Merah muda & Magenta,"Modern, American Classic",Kewanitaan,"Panas, Dingin","D, L, A, R","Merah, Putih, Biru"
Merah muda & Emas,"Modern, American Classic","Keagungan, Kewanitaan",Panas,"D, L, A, R","Merah, Putih, Kuning, Biru"
Merah muda & Biru navy,"Modern, Alam","Kewanitaan, Ketenangan","Panas, Dingin","D, L, A, R","Merah, Putih, Biru, Hitam"
Merah muda & Merah maroon,"Modern, Alam, Tradisional","Keceriaan, Kewanitaan",Panas,"D, L, A, R","Merah, Putih, Kuning, Biru"
Merah muda & Peach,"Modern, American Classic",Kewanitaan,"Panas, Hangat","D, L, A, R","Merah, Putih, Kuning"
Merah muda & Silver,"Modern, Industrial","Kewanitaan, Ketenangan","Panas, Dingin","D, L, A, R","Merah, Putih, Hitam"
Merah muda & Coral,"Modern, American Classic",Kewanitaan,Panas,"D, L, A, R","Merah, Putih, Kuning"
Merah muda & Biru air,"Modern, Alam, American Classic","Kewanitaan, Ketenangan","Panas, Dingin","D, L, A, R","Merah, Putih, Biru"
Merah muda & Krem,"Modern, American Classic","Kewanitaan, Kehangatan","Panas, Hangat","D, L, A, R","Merah, Putih, Kuning, Biru"
Merah muda & Hijau lumut,"Modern, Alam","Kewanitaan, Kejantanan","Panas, Dingin","D, L, A, R","Merah, Putih, Kuning, Biru"
Merah tua & Biru tua,"Modern, Alam","Ketenangan, Keberanian","Panas, Dingin","D, L, A, R","Merah, Biru, Hitam"
Merah tua & Abu-abu tua,"Modern, Industrial","Kerendahan hati, Keberanian",Panas,"D, L, R","Merah, Putih, Hitam"
Merah tua & Hijau tua,"Modern, Alam","Santai, Keberanian","Panas, Dingin","L, R","Merah, Hijau, Hitam"
Merah tua & Coklat tua,"Modern, Alam, Tradisional","Kejantanan, Keberanian","Panas, Hangat","L, R","Merah, Kuning, Biru, Hitam"
Merah tua & Coklat muda,"Modern, Alam, Tradisional, American Classic","Kejantanan, Keberanian","Panas, Hangat","L, R","Merah, Kuning, Biru, Hitam"
Merah tua & Biru muda,"Modern, Alam, American Classic","Kewanitaan, Keberanian","Panas, Dingin","D, L, A, R","Merah, Putih, Biru, Hitam"
Merah tua & Abu-abu muda,"Modern, Industrial","Kerendahan hati, Keberanian","Panas, Dingin","D, L, R","Merah, Putih, Hitam"
Merah tua & Hijau muda,"Modern, Alam, American Classic","Kewanitaan, Keberanian","Panas, Hangat","D, L, A, R","Merah, Kuning, Biru, Hitam"
Merah tua & Magenta,"Modern, American Classic","Kewanitaan, Keberanian","Panas, Dingin","D, L, A, R","Merah, Putih, Biru, Hitam"
Merah tua & Emas,"Modern, American Classic","Keagungan, Keberanian",Panas,"D, L, A, R","Merah, Kuning, Biru, Hitam"
Merah tua & Biru navy,"Modern, Alam","Ketenangan, Keberanian","Panas, Dingin","D, L, A, R","Merah, Biru, Hitam"
Merah tua & Merah maroon,"Modern, Alam, Tradisional","Keceriaan, Keberanian",Panas,"D, L, R","Merah, Kuning, Biru, Hitam"
Merah tua & Peach,"Modern, American Classic","Kewanitaan, Keberanian","Panas, Hangat","D, L, R","Merah, Putih, Kuning, Hitam"
Merah tua & Silver,"Modern, Industrial","Ketenangan, Keberanian","Panas, Dingin","D, L, R","Merah, Putih, Hitam"
Merah tua & Coral,"Modern, American Classic","Kewanitaan, Keberanian",Panas,"D, L, A, R","Merah, Kuning, Hitam"
Merah tua & Biru air,"Modern, Alam, American Classic","Ketenangan, Keberanian","Panas, Dingin","D, L, A, R","Merah, Putih, Biru, Hitam"
Merah tua & Krem,"Modern, American Classic","Kehangatan, Keberanian","Panas, Hangat","D, L, R","Merah, Kuning, Biru, Hitam"
Merah tua & Hijau lumut,"Modern, Alam","Kejantanan, Keberanian","Panas, Dingin","L, R","Merah, Putih, Hitam, Kuning, Biru"
Biru tua & Abu-abu tua,"Alam, Industrial","Kerendahan hati, Ketenangan","Panas, Dingin","D, L, A, R","Putih, Biru, Hitam"
Biru tua & Hijau tua,Alam,"Ketenangan, Santai",Dingin,"D, L, A, R","Hijau, Biru, Hitam"
Biru tua & Coklat tua,"Alam, Tradisional","Kejantanan, Ketenangan","Hangat, Dingin","D, L, A, R","Merah, Kuning, Biru, Hitam"
Biru tua & Coklat muda,"Alam, Tradisional, American Classic","Kejantanan, Ketenangan","Hangat, Dingin","D, L, A, R","Merah, Kuning, Biru, Hitam"
Biru tua & Biru muda,"Alam, American Classic","Kewanitaan, Ketenangan",Dingin,"D, L, A, R","Putih, Biru, Hitam"
Biru tua & Abu-abu muda,"Alam, Industrial","Kerendahan hati, Ketenangan",Dingin,"D, L, A, R","Putih, Biru, Hitam"
Biru tua & Hijau muda,"Alam, American Classic","Kewanitaan, Ketenangan","Hangat, Dingin","D, L, A, R","Kuning, Biru, Hitam"
Biru tua & Magenta,"Alam, Modern, American Classic","Kewanitaan, Ketenangan",Dingin,"D, L, A, R","Merah, Putih, Biru, Hitam"
Biru tua & Emas,"Alam, American Classic","Keagungan, Ketenangan","Panas, Dingin","D, L, A, R","Merah, Kuning, Biru, Hitam"
Biru tua & Biru navy,Alam,Ketenangan,Dingin,"D, L, A, R","Biru, Hitam"
Biru tua & Merah maroon,"Alam, Tradisional","Keceriaan, Ketenangan","Panas, Dingin","D, L, A, R","Merah, Kuning, Biru, Hitam"
Biru tua & Peach,"Alam, Modern, American Classic","Kewanitaan, Ketenangan","Hangat, Dingin","D, L, A, R","Merah, Putih, Hitam, Kuning, Biru"
Biru tua & Silver,"Alam, Industrial",Ketenangan,Dingin,"D, L, A, R","Putih, Biru, Hitam"
Biru tua & Coral,"Alam, American Classic","Kewanitaan, Ketenangan","Panas, Dingin","D, L, A, R","Merah, Kuning, Biru, Hitam"
Biru tua & Biru air,"Alam, American Classic",Ketenangan,Dingin,"D, L, A, R","Putih, Biru, Hitam"
Biru tua & Krem,"Alam, American Classic","Ketenangan, Kehangatan","Hangat, Dingin","D, L, A, R","Merah, Kuning, Biru, Hitam"
Biru tua & Hijau lumut,Alam,"Kejantanan, Ketenangan",Dingin,"D, L, A, R","Putih, Kuning, Biru, Hitam"
Abu-abu tua & Hijau tua,"Alam, Industrial","Kerendahan hati, Santai","Panas, Dingin","D, L, R","Putih, Hijau, Hitam"
Abu-abu tua & Coklat tua,"Alam, Industrial, Tradisional","Kerendahan hati, Kejantanan","Panas, Hangat","D, L, R","Merah, Putih, Hitam, Kuning, Biru"
Abu-abu tua & Coklat muda,"Tradisional, Alam, Industrial, American Classic","Kerendahan hati, Kejantanan","Panas, Hangat","D, L, R","Merah, Putih, Hitam, Kuning, Biru"
Abu-abu tua & Biru muda,"Alam, Industrial, American Classic","Kerendahan hati, Kewanitaan","Panas, Dingin","D, L, A, R","Putih, Biru, Hitam"
Abu-abu tua & Abu-abu muda,Industrial,Kerendahan hati,"Panas, Dingin","D, L, R","Putih, Hitam"
Abu-abu tua & Hijau muda,"Alam, Industrial, American Classic","Kerendahan hati, Kewanitaan","Panas, Hangat","D, L, A, R","Putih, Kuning, Biru, Hitam"
Abu-abu tua & Magenta,"Modern, Industrial, American Classic","Kerendahan hati, Kewanitaan","Panas, Dingin","D, L, A, R","Merah, Putih, Biru, Hitam"
Abu-abu tua & Emas,"Industrial, American Classic","Kerendahan hati, Keagungan",Panas,"D, L, A, R","Merah, Putih, Hitam, Kuning, Biru"
Abu-abu tua & Biru navy,"Alam, Industrial","Kerendahan hati, Ketenangan","Panas, Dingin","D, L, A, R","Putih, Biru, Hitam"
Abu-abu tua & Merah maroon,"Alam, Industrial, Tradisional","Kerendahan hati, Keceriaan",Panas,"D, L, R","Merah, Putih, Hitam, Kuning, Biru"
Abu-abu tua & Peach,"Modern, Industrial, American Classic","Kerendahan hati, Kewanitaan","Panas, Hangat","D, L, R","Merah, Putih, Kuning, Hitam"
Abu-abu tua & Silver,Industrial,"Kerendahan hati, Ketenangan","Panas, Dingin","D, L, R","Putih, Hitam"
Abu-abu tua & Coral,"Industrial, American Classic","Kerendahan hati, Kewanitaan",Panas,"D, L, A, R","Merah, Putih, Kuning, Hitam"
Abu-abu tua & Biru air,"Alam, Industrial, American Classic","Kerendahan hati, Ketenangan","Panas, Dingin","D, L, A, R","Putih, Biru, Hitam"
Abu-abu tua & Krem,"Industrial, American Classic","Kerendahan hati, Kehangatan","Panas, Hangat","D, L, R","Merah, Putih, Hitam, Kuning, Biru"
Abu-abu tua & Hijau lumut,"Alam, Industrial","Kerendahan hati, Kejantanan","Panas, Dingin","D, L, R","Putih, Kuning, Biru, Hitam"
Hijau tua & Coklat tua,"Alam, Tradisional","Kejantanan, Santai","Hangat, Dingin",L,"Hijau, Merah, Hitam, Kuning, Biru"
Hijau tua & Coklat muda,"Alam, Tradisional, American Classic","Kejantanan, Santai","Hangat, Dingin",L,"Hijau, Merah, Hitam, Kuning, Biru"
Hijau tua & Biru muda,"Alam, American Classic","Kewanitaan, Santai",Dingin,"D, L, A, R","Biru, Putih, Hijau, Hitam"
Hijau tua & Abu-abu muda,"Alam, Industrial","Kerendahan hati, Santai",Dingin,"D, L, R","Putih, Hijau, Hitam"
Hijau tua & Hijau muda,"Alam, American Classic","Kewanitaan, Santai","Hangat, Dingin","D, L, A, R","Biru, Kuning, Hijau, Hitam"
Hijau tua & Magenta,"Alam, Modern, American Classic","Kewanitaan, Santai",Dingin,"D, L, A, R","Hijau, Merah, Putih, Hitam, Biru"
Hijau tua & Emas,"Alam, American Classic","Keagungan, Santai","Panas, Dingin","D, L, A, R","Hijau, Merah, Hitam, Kuning, Biru"
Hijau tua & Biru navy,Alam,"Ketenangan, Santai",Dingin,"D, L, A, R","Biru, Hijau, Hitam"
Hijau tua & Merah maroon,"Alam, Tradisional","Keceriaan, Santai","Panas, Dingin","D, L, R","Hijau, Merah, Hitam, Kuning, Biru"
Hijau tua & Peach,"Alam, Modern, American Classic","Kewanitaan, Santai","Hangat, Dingin","D, L, R","Hijau, Merah, Putih, Hitam, Kuning"
Hijau tua & Silver,"Alam, Industrial","Ketenangan, Santai",Dingin,"D, L, R","Putih, Hijau, Hitam"
Hijau tua & Coral,"Alam, American Classic","Kewanitaan, Santai","Panas, Dingin","D, L, A, R","Merah, Kuning, Hijau, Hitam"
Hijau tua & Biru air,"Alam, American Classic","Ketenangan, Santai",Dingin,"D, L, A, R","Biru, Putih, Hijau, Hitam"
Hijau tua & Krem,"Alam, American Classic","Kehangatan, Santai","Hangat, Dingin","D, L, R","Hijau, Merah, Hitam, Kuning, Biru"
Hijau tua & Hijau lumut,Alam,"Kejantanan, Santai",Dingin,L,"Hijau, Putih, Hitam, Kuning, Biru"
Coklat tua & Coklat muda,"American Classic, Alam, Tradisional",Kejantanan,Hangat,L,"Merah, Kuning, Biru"
Coklat tua & Biru muda,"American Classic, Alam, Tradisional","Kewanitaan, Kejantanan","Hangat, Dingin","D, L, A, R","Merah, Putih, Kuning, Biru"
Coklat tua & Abu-abu muda,"Alam, Industrial, Tradisional","Kerendahan hati, Kejantanan","Hangat, Dingin","D, L, R","Merah, Putih, Hitam, Kuning, Biru"
Coklat tua & Hijau muda,"American Classic, Alam, Tradisional","Kewanitaan, Kejantanan",Hangat,"D, L, A, R","Merah, Kuning, Biru"
Coklat tua & Magenta,"American Classic, Alam, Modern, Tradisional","Kewanitaan, Kejantanan","Hangat, Dingin","D, L, A, R","Merah, Putih, Kuning, Biru"
Coklat tua & Emas,"American Classic, Alam, Tradisional","Keagungan, Kejantanan","Panas, Hangat","D, L, A, R","Merah, Kuning, Biru"
Coklat tua & Biru navy,"Alam, Tradisional","Ketenangan, Kejantanan","Hangat, Dingin","D, L, A, R","Merah, Kuning, Biru, Hitam"
Coklat tua & Merah maroon,"Alam, Tradisional","Keceriaan, Kejantanan","Panas, Hangat","D, L, R","Merah, Kuning, Biru"
Coklat tua & Peach,"American Classic, Alam, Modern, Tradisional","Kewanitaan, Kejantanan",Hangat,"D, L, R","Merah, Putih, Kuning, Biru"
Coklat tua & Silver,"Alam, Industrial, Tradisional","Ketenangan, Kejantanan","Hangat, Dingin","D, L, R","Merah, Putih, Hitam, Kuning, Biru"
Coklat tua & Coral,"American Classic, Alam, Tradisional","Kewanitaan, Kejantanan","Panas, Hangat","D, L, A, R","Merah, Kuning, Biru"
Coklat tua & Biru air,"American Classic, Alam, Tradisional","Ketenangan, Kejantanan","Hangat, Dingin","D, L, A, R","Merah, Putih, Kuning, Biru"
Coklat tua & Krem,"American Classic, Alam, Tradisional","Kejantanan, Kehangatan",Hangat,"D, L, R","Merah, Kuning, Biru"
Coklat tua & Hijau lumut,"Alam, Tradisional",Kejantanan,"Hangat, Dingin",L,"Merah, Putih, Kuning, Biru"
Coklat muda & Biru muda,"Tradisional, Alam, American Classic","Kewanitaan, Kejantanan","Hangat, Dingin","D, L, A, R","Merah, Putih, Kuning, Biru"
Coklat muda & Abu-abu muda,"Tradisional, Alam, Industrial, American Classic","Kerendahan hati, Kejantanan","Hangat, Dingin","D, L, R","Merah, Putih, Hitam, Kuning, Biru"
Coklat muda & Hijau muda,"Tradisional, Alam, American Classic","Kewanitaan, Kejantanan",Hangat,"D, L, A, R","Merah, Kuning, Biru"
Coklat muda & Magenta,"Modern, Tradisional, Alam, American Classic","Kewanitaan, Kejantanan","Hangat, Dingin","D, L, A, R","Merah, Putih, Kuning, Biru"
Coklat muda & Emas,"Tradisional, Alam, American Classic","Keagungan, Kejantanan","Panas, Hangat","D, L, A, R","Merah, Kuning, Biru"
Coklat muda & Biru navy,"Tradisional, Alam, American Classic","Ketenangan, Kejantanan","Hangat, Dingin","D, L, A, R","Merah, Kuning, Biru, Hitam"
Coklat muda & Merah maroon,"Tradisional, Alam, American Classic","Keceriaan, Kejantanan","Panas, Hangat","D, L, R","Merah, Kuning, Biru"
Coklat muda & Peach,"Modern, Tradisional, Alam, American Classic","Kewanitaan, Kejantanan",Hangat,"D, L, R","Merah, Putih, Kuning, Biru"
Coklat muda & Silver,"Tradisional, Alam, Industrial, American Classic","Ketenangan, Kejantanan","Hangat, Dingin","D, L, R","Merah, Putih, Hitam, Kuning, Biru"
Coklat muda & Coral,"Tradisional, Alam, American Classic","Kewanitaan, Kejantanan","Panas, Hangat","D, L, A, R","Merah, Kuning, Biru"
Coklat muda & Biru air,"Tradisional, Alam, American Classic","Ketenangan, Kejantanan","Hangat, Dingin","D, L, A, R","Merah, Putih, Kuning, Biru"
Coklat muda & Krem,"Tradisional, Alam, American Classic","Kejantanan, Kehangatan",Hangat,"D, L, R","Merah, Kuning, Biru"
Coklat muda & Hijau lumut,"Tradisional, Alam, American Classic",Kejantanan,"Hangat, Dingin",L,"Merah, Putih, Kuning, Biru"
Biru muda & Abu-abu muda,"Alam, Industrial, American Classic","Kerendahan hati, Kewanitaan",Dingin,"D, L, A, R","Putih, Biru, Hitam"
Biru muda & Hijau muda,"Alam, American Classic",Kewanitaan,"Hangat, Dingin","D, L, A, R","Putih, Kuning, Biru"
Biru muda & Magenta,"Alam, Modern, American Classic",Kewanitaan,Dingin,"D, L, A, R","Merah, Putih, Biru"
Biru muda & Emas,"Alam, American Classic","Keagungan, Kewanitaan","Panas, Dingin","D, L, A, R","Merah, Putih, Kuning, Biru"
Biru muda & Biru navy,"Alam, American Classic","Kewanitaan, Ketenangan",Dingin,"D, L, A, R","Putih, Biru, Hitam"
Biru muda & Merah maroon,"Alam, Tradisional, American Classic","Keceriaan, Kewanitaan","Panas, Dingin","D, L, A, R","Merah, Putih, Kuning, Biru"
Biru muda & Peach,"Alam, Modern, American Classic",Kewanitaan,"Hangat, Dingin","D, L, A, R","Merah, Putih, Kuning, Biru"
Biru muda & Silver,"Alam, Industrial, American Classic","Kewanitaan, Ketenangan",Dingin,"D, L, A, R","Putih, Biru, Hitam"
Biru muda & Coral,"Alam, American Classic",Kewanitaan,"Panas, Dingin","D, L, A, R","Merah, Putih, Kuning, Biru"
Biru muda & Biru air,"Alam, American Classic","Kewanitaan, Ketenangan",Dingin,"D, L, A, R","Putih, Biru"
Biru muda & Krem,"Alam, American Classic","Kewanitaan, Kehangatan","Hangat, Dingin","D, L, A, R","Merah, Putih, Kuning, Biru"
Biru muda & Hijau lumut,"Alam, American Classic","Kewanitaan, Kejantanan",Dingin,"D, L, A, R","Putih, Kuning, Biru"
Abu-abu muda & Hijau muda,"Alam, Industrial, American Classic","Kerendahan hati, Kewanitaan","Hangat, Dingin","D, L, A, R","Putih, Kuning, Biru, Hitam"
Abu-abu muda & Magenta,"Modern, Industrial, American Classic","Kerendahan hati, Kewanitaan",Dingin,"D, L, A, R","Merah, Putih, Biru, Hitam"
Abu-abu muda & Emas,"Industrial, American Classic","Kerendahan hati, Keagungan","Panas, Dingin","D, L, A, R","Merah, Putih, Hitam, Kuning, Biru"
Abu-abu muda & Biru navy,"Alam, Industrial","Kerendahan hati, Ketenangan",Dingin,"D, L, A, R","Putih, Biru, Hitam"
Abu-abu muda & Merah maroon,"Alam, Industrial, Tradisional","Kerendahan hati, Keceriaan","Panas, Dingin","D, L, R","Merah, Putih, Hitam, Kuning, Biru"
Abu-abu muda & Peach,"Modern, Industrial, American Classic","Kerendahan hati, Kewanitaan","Hangat, Dingin","D, L, R","Merah, Putih, Kuning, Hitam"
Abu-abu muda & Silver,Industrial,"Kerendahan hati, Ketenangan",Dingin,"D, L, R","Putih, Hitam"
Abu-abu muda & Coral,"Industrial, American Classic","Kerendahan hati, Kewanitaan","Panas, Dingin","D, L, A, R","Merah, Putih, Kuning, Hitam"
Abu-abu muda & Biru air,"Alam, Industrial, American Classic","Kerendahan hati, Ketenangan",Dingin,"D, L, A, R","Putih, Biru, Hitam"
Abu-abu muda & Krem,"Industrial, American Classic","Kerendahan hati, Kehangatan","Hangat, Dingin","D, L, R","Merah, Putih, Hitam, Kuning, Biru"
Abu-abu muda & Hijau lumut,"Alam, Industrial","Kerendahan hati, Kejantanan",Dingin,"D, L, R","Putih, Kuning, Biru, Hitam"
Hijau muda & Magenta,"Alam, Modern, American Classic",Kewanitaan,"Hangat, Dingin","D, L, A, R","Merah, Putih, Kuning, Biru"
Hijau muda & Emas,"Alam, American Classic","Keagungan, Kewanitaan","Panas, Hangat","D, L, A, R","Merah, Kuning, Biru"
Hijau muda & Biru navy,"Alam, American Classic","Kewanitaan, Ketenangan","Hangat, Dingin","D, L, A, R","Kuning, Biru, Hitam"
Hijau muda & Merah maroon,"Alam, Tradisional, American Classic","Keceriaan, Kewanitaan","Panas, Hangat","D, L, A, R","Merah, Kuning, Biru"
Hijau muda & Peach,"Alam, Modern, American Classic",Kewanitaan,Hangat,"D, L, A, R","Merah, Putih, Kuning, Biru"
Hijau muda & Silver,"Alam, Industrial, American Classic","Kewanitaan, Ketenangan","Hangat, Dingin","D, L, A, R","Putih, Kuning, Biru, Hitam"
Hijau muda & Coral,"Alam, American Classic",Kewanitaan,"Panas, Hangat","D, L, A, R","Merah, Kuning, Biru"
Hijau muda & Biru air,"Alam, American Classic","Kewanitaan, Ketenangan","Hangat, Dingin","D, L, A, R","Putih, Kuning, Biru"
Hijau muda & Krem,"Alam, American Classic","Kewanitaan, Kehangatan",Hangat,"D, L, A, R","Merah, Kuning, Biru"
Hijau muda & Hijau lumut,"Alam, American Classic","Kewanitaan, Kejantanan","Hangat, Dingin","D, L, A, R","Putih, Kuning, Biru"
Magenta & Emas,"Modern, American Classic","Keagungan, Kewanitaan","Panas, Dingin","D, L, A, R","Merah, Putih, Kuning, Biru"
Magenta & Biru navy,"Modern, Alam, American Classic","Kewanitaan, Ketenangan",Dingin,"D, L, A, R","Merah, Putih, Biru, Hitam"
Magenta & Merah maroon,"Modern, Alam, Tradisional, American Classic","Keceriaan, Kewanitaan","Panas, Dingin","D, L, A, R","Merah, Putih, Kuning, Biru"
Magenta & Peach,"Modern, American Classic",Kewanitaan,"Hangat, Dingin","D, L, A, R","Merah, Putih, Kuning, Biru"
Magenta & Silver,"Modern, Industrial, American Classic","Kewanitaan, Ketenangan",Dingin,"D, L, A, R","Merah, Putih, Biru, Hitam"
Magenta & Coral,"Modern, American Classic",Kewanitaan,"Panas, Dingin","D, L, A, R","Merah, Putih, Kuning, Biru"
Magenta & Biru air,"Modern, Alam, American Classic","Kewanitaan, Ketenangan",Dingin,"D, L, A, R","Merah, Putih, Biru"
Magenta & Krem,"Modern, American Classic","Kewanitaan, Kehangatan","Hangat, Dingin","D, L, A, R","Merah, Putih, Kuning, Biru"
Magenta & Hijau lumut,"Modern, Alam, American Classic","Kewanitaan, Kejantanan",Dingin,"D, L, A, R","Merah, Putih, Kuning, Biru"
Emas & Biru navy,"Alam, American Classic","Keagungan, Ketenangan","Panas, Dingin","D, L, A, R","Merah, Kuning, Biru, Hitam"
Emas & Merah maroon,"Tradisional, Alam, American Classic","Keagungan, Keceriaan",Panas,"D, L, A, R","Merah, Kuning, Biru"
Emas & Peach,"Modern, American Classic","Keagungan, Kewanitaan","Panas, Hangat","D, L, A, R","Merah, Putih, Kuning, Biru"
Emas & Silver,"Industrial, American Classic","Keagungan, Ketenangan","Panas, Dingin","D, L, A, R","Merah, Putih, Hitam, Kuning, Biru"
Emas & Coral,American Classic,"Keagungan, Kewanitaan",Panas,"D, L, A, R","Merah, Kuning, Biru"
Emas & Biru air,"Alam, American Classic","Keagungan, Ketenangan","Panas, Dingin","D, L, A, R","Merah, Putih, Kuning, Biru"
Emas & Krem,American Classic,"Keagungan, Kehangatan","Panas, Hangat","D, L, A, R","Merah, Kuning, Biru"
Emas & Hijau lumut,"Alam, American Classic","Keagungan, Kejantanan","Panas, Dingin","D, L, A, R","Merah, Putih, Kuning, Biru"
Biru navy & Merah maroon,"Alam, Tradisional","Keceriaan, Ketenangan","Panas, Dingin","D, L, A, R","Merah, Kuning, Biru, Hitam"
Biru navy & Peach,"Alam, Modern, American Classic","Kewanitaan, Ketenangan","Hangat, Dingin","D, L, A, R","Merah, Putih, Hitam, Kuning, Biru"
Biru navy & Silver,"Alam, Industrial",Ketenangan,Dingin,"D, L, A, R","Putih, Biru, Hitam"
Biru navy & Coral,"Alam, American Classic","Kewanitaan, Ketenangan","Panas, Dingin","D, L, A, R","Merah, Kuning, Biru, Hitam"
Biru navy & Biru air,"Alam, American Classic",Ketenangan,Dingin,"D, L, A, R","Putih, Biru, Hitam"
Biru navy & Krem,"Alam, American Classic","Ketenangan, Kehangatan","Hangat, Dingin","D, L, A, R","Merah, Kuning, Biru, Hitam"
Biru navy & Hijau lumut,Alam,"Kejantanan, Ketenangan",Dingin,"D, L, A, R","Putih, Kuning, Biru, Hitam"
Merah maroon & Peach,"American Classic, Alam, Modern, Tradisional","Keceriaan, Kewanitaan","Panas, Hangat","D, L, R","Merah, Putih, Kuning, Biru"
Merah maroon & Silver,"Alam, Industrial, Tradisional","Keceriaan, Ketenangan","Panas, Dingin","D, L, R","Merah, Putih, Hitam, Kuning, Biru"
Merah maroon & Coral,"American Classic, Alam, Tradisional","Keceriaan, Kewanitaan",Panas,"D, L, A, R","Merah, Kuning, Biru"
Merah maroon & Biru air,"American Classic, Alam, Tradisional","Keceriaan, Ketenangan","Panas, Dingin","D, L, A, R","Merah, Putih, Kuning, Biru"
Merah maroon & Krem,"American Classic, Alam, Tradisional","Keceriaan, Kehangatan","Panas, Hangat","D, L, R","Merah, Kuning, Biru"
Merah maroon & Hijau lumut,"Alam, Tradisional","Keceriaan, Kejantanan","Panas, Dingin","D, L, R","Merah, Putih, Kuning, Biru"
Peach & Silver,"Modern, Industrial, American Classic","Kewanitaan, Ketenangan","Hangat, Dingin","D, L, R","Merah, Putih, Kuning, Hitam"
Peach & Coral,"Modern, American Classic",Kewanitaan,"Panas, Hangat","D, L, A, R","Merah, Putih, Kuning"
Peach & Biru air,"Modern, Alam, American Classic","Kewanitaan, Ketenangan","Hangat, Dingin","D, L, A, R","Merah, Putih, Kuning, Biru"
Peach & Krem,"Modern, American Classic","Kewanitaan, Kehangatan",Hangat,"D, L, R","Merah, Putih, Kuning, Biru"
Peach & Hijau lumut,"Modern, Alam, American Classic","Kewanitaan, Kejantanan","Hangat, Dingin","D, L, R","Merah, Putih, Kuning, Biru"
Silver & Coral,"Industrial, American Classic","Kewanitaan, Ketenangan","Panas, Dingin","D, L, A, R","Merah, Putih, Kuning, Hitam"
Silver & Biru air,"Alam, Industrial, American Classic",Ketenangan,Dingin,"D, L, A, R","Putih, Biru, Hitam"
Silver & Krem,"Industrial, American Classic","Ketenangan, Kehangatan","Hangat, Dingin","D, L, R","Merah, Putih, Hitam, Kuning, Biru"
Silver & Hijau lumut,"Alam, Industrial","Kejantanan, Ketenangan",Dingin,"D, L, R","Putih, Kuning, Biru, Hitam"
Coral & Biru air,"Alam, American Classic","Kewanitaan, Ketenangan","Panas, Dingin","D, L, A, R","Merah, Putih, Kuning, Biru"
Coral & Krem,American Classic,"Kewanitaan, Kehangatan","Panas, Hangat","D, L, A, R","Merah, Kuning, Biru"
Coral & Hijau lumut,"Alam, American Classic","Kewanitaan, Kejantanan","Panas, Dingin","D, L, A, R","Merah, Putih, Kuning, Biru"
Biru air & Krem,"Alam, American Classic","Ketenangan, Kehangatan","Hangat, Dingin","D, L, A, R","Merah, Putih, Kuning, Biru"
Biru air & Hijau lumut,"Alam, American Classic","Kejantanan, Ketenangan",Dingin,"D, L, A, R","Putih, Kuning, Biru"
Krem & Hijau lumut,"Alam, American Classic","Kejantanan, Kehangatan","Hangat, Dingin","D, L, R","Merah, Putih, Kuning, Biru"
